{"cameraMode":{"drawMode":0,"name":"Shaded","section":"Shading Mode"},"sceneLighting":true,"audioPlay":false,"sceneViewState":{"showFog":true,"showMaterialUpdate":false,"showSkybox":true,"showFlares":true,"showImageEffects":true,"showParticleSystems":true},"in2DMode":false,"pivot":{"x":3.884906768798828,"y":1.5910110473632813,"z":-3.7489662170410158},"rotation":{"x":-0.04505519941449165,"y":0.9531822204589844,"z":-0.17967066168785096,"w":-0.23902520537376405},"size":10.0,"orthographic":false}