{"cameraMode":{"drawMode":0,"name":"Shaded","section":"Shading Mode"},"sceneLighting":true,"audioPlay":false,"sceneViewState":{"showFog":true,"showMaterialUpdate":false,"showSkybox":true,"showFlares":true,"showImageEffects":true,"showParticleSystems":true},"in2DMode":false,"pivot":{"x":1.0424537658691407,"y":3.234215259552002,"z":-1.2469528913497925},"rotation":{"x":0.05008944869041443,"y":-0.8140311241149902,"z":0.07099993526935578,"w":0.5742873549461365},"size":10.0,"orthographic":true}